task,n_epochs,n_records,repetitions,total_time_sec_mean,total_time_sec_std,time_per_epoch_ms,time_per_record_ms,predicted_positive_rate_at_0_45,peak_tracemalloc_mb,rss_before_mb,rss_after_mb,rss_delta_mb
full_sleep_dataset,16067,25,30,0.2055629733367823,0.014373221819898346,0.012794110495847532,8.222518933471292,0.42055144084147633,19.152905464172363,303.078125,304.1953125,1.1171875
median_single_record,686,1,10,0.06776442999253049,0.001253402880992858,0.09853969388858635,67.7644299925305,0.05121638924455826,0.9442377090454102,304.33203125,304.33203125,0.0
