experiment,model,n_features,accuracy_mean,accuracy_std,precision_mean,precision_std,sensitivity_mean,sensitivity_std,specificity_mean,specificity_std,f1_mean,f1_std,roc_auc_mean,roc_auc_std,average_precision_mean,average_precision_std,tn_mean,fp_mean,fn_mean,tp_mean
late_fusion,XGBoost,53,0.6828357788402167,0.09112170560292893,0.30254513745267186,0.06768196721911461,0.39905192893877856,0.19663194756252295,0.7538881965850635,0.15531091154244797,0.32221626276925147,0.07628977290298786,0.6210311735518346,0.050726737542211936,0.30333982542835775,0.06337274216107494,2507.2,819.0,500.6,331.8
