sleep_stage,n_epochs,n_normal,n_apnea_hypopnea,positive_rate
0.0,4707,4032,675,0.14340344168260039
1.0,3016,2446,570,0.1889920424403183
2.0,3403,2377,1026,0.3014986776373788
3.0,6985,5563,1422,0.20357909806728705
4.0,673,545,128,0.1901931649331352
5.0,1990,1649,341,0.171356783919598
8.0,15,15,0,0.0
,4,4,0,0.0
